{"accuracy":0.931034505367279,"loss":0.21709971129894257,"bestEpoch":61,"timestamp":"2025-12-02T05:06:48.817Z","samples":144,"classes":3}